property_id,title,location,city,price_lakhs,area_sqft,bedrooms,bathrooms,property_type,amenities,furnishing,age_years,description,state,district,locality,area,landmark,pincode,image_urls
PROP-1001,"Modern 2 BHK Apartment in Alipiri, Tirupati","Alipiri, Tirupati",Tirupati,45.0,950,2,2,Apartment,"Parking, Elevator, Security, Power Backup, Gym, Balcony, Play Area",Semi-Furnished,0,"Beautiful, well-ventilated 2 BHK home situated in prime residential hub of Alipiri, Tirupati. Modular kitchen, sunlit living area, high-speed elevator, and 24-hour security.",Andhra Pradesh,Tirupati,Alipiri,Alipiri Foothills Road,Alipiri Temple Steps,517507,https://images.unsplash.com/photo-1560518883-ce09059eeffa?auto=format&fit=crop&w=600&q=80&sig=1001
PROP-1002,"Luxury 4 BHK Triplex Villa in Renigunta Road, Tirupati","Renigunta Road, Tirupati",Tirupati,198.0,2920,4,4,Villa,"Parking, Private Garden, Swimming Pool, Security, Clubhouse, Gym, Solar Power",Furnished,1,"Exquisite 4 BHK independent triplex villa in premium gated township at Renigunta Road, Tirupati. Includes private landscaped garden, double-height living hall, servant quarters, and 2 car parkings.",Andhra Pradesh,Tirupati,Renigunta Road,Renigunta Junction,Tirupati Railway Stn,517506,https://images.unsplash.com/photo-1512917774080-9991f1c4c750?auto=format&fit=crop&w=600&q=80&sig=1002
PROP-1003,"Spacious 3 BHK Independent Duplex in Tiruchanoor, Tirupati","Tiruchanoor, Tirupati",Tirupati,134.0,2120,3,3,Independent House,"Parking, Private Courtyard, Security, Power Backup, Terrace Garden",Semi-Furnished,2,"Independent ground + 1 duplex residence in serene neighborhood of Tiruchanoor, Tirupati. Features wide road frontage, Vastu-compliant layout, private paved garden, and 24/7 power backup.",Andhra Pradesh,Tirupati,Tiruchanoor,Tiruchanoor Temple Road,Padmavathi Temple,517503,https://images.unsplash.com/photo-1545324418-cc1a3fa10c00?auto=format&fit=crop&w=600&q=80&sig=1003
PROP-1004,"Exclusive Residential Plot in Chandragiri, Tirupati","Chandragiri, Tirupati",Tirupati,41.5,2250,0,0,Land,"Clear Title, Blacktop Road, Fencing, Water Connection, Electricity",Unfurnished,0,"Prime East-facing 2250 sq.ft residential plot in gated layout at Chandragiri, Tirupati. Close to Historic Fort. Clear titles, 40ft approach road, and high investment appreciation potential.",Andhra Pradesh,Tirupati,Chandragiri,Chandragiri Fort Road,Historic Fort,517101,https://images.unsplash.com/photo-1613977257363-707ba9348227?auto=format&fit=crop&w=600&q=80&sig=1004
PROP-1005,"Sky Villa 4 BHK Penthouse in MR Palli, Tirupati","MR Palli, Tirupati",Tirupati,298.0,3600,4,5,Penthouse,"Parking, Private Terrace, Swimming Pool, Gym, Elevator, Security, Concierge",Furnished,1,"Top-floor luxury sky villa penthouse commanding panoramic views of Tirupati skyline in MR Palli. Private rooftop deck, VRV air-conditioning, Italian marble flooring, and 3 reserved parking slots.",Andhra Pradesh,Tirupati,MR Palli,MR Palli Circle,SV University Gate,517502,https://images.unsplash.com/photo-1502672260266-1c1ef2d93688?auto=format&fit=crop&w=600&q=80&sig=1005
PROP-1006,"Modern 3 BHK Apartment in Korlagunta, Tirupati","Korlagunta, Tirupati",Tirupati,87.5,1400,3,3,Apartment,"Parking, Elevator, Security, Power Backup, Gym, Balcony, Play Area",Unfurnished,1,"Beautiful, well-ventilated 3 BHK home situated in prime residential hub of Korlagunta, Tirupati. Modular kitchen, sunlit living area, high-speed elevator, and 24-hour security.",Andhra Pradesh,Tirupati,Korlagunta,Korlagunta Main Road,Maruthi Nagar Park,517501,https://images.unsplash.com/photo-1600596542815-ffad4c1539a9?auto=format&fit=crop&w=600&q=80&sig=1006
PROP-1007,"Luxury 4 BHK Triplex Villa in Ramanuja Circle, Tirupati","Ramanuja Circle, Tirupati",Tirupati,288.0,3520,4,4,Villa,"Parking, Private Garden, Swimming Pool, Security, Clubhouse, Gym, Solar Power",Semi-Furnished,2,"Exquisite 4 BHK independent triplex villa in premium gated township at Ramanuja Circle, Tirupati. Includes private landscaped garden, double-height living hall, servant quarters, and 2 car parkings.",Andhra Pradesh,Tirupati,Ramanuja Circle,Ramanuja Circle Road,RTC Bus Stand,517501,https://images.unsplash.com/photo-1600585154340-be6161a56a0c?auto=format&fit=crop&w=600&q=80&sig=1007
PROP-1008,"Spacious 3 BHK Independent Duplex in SV Nagar, Tirupati","SV Nagar, Tirupati",Tirupati,194.0,2670,3,3,Independent House,"Parking, Private Courtyard, Security, Power Backup, Terrace Garden",Semi-Furnished,2,"Independent ground + 1 duplex residence in serene neighborhood of SV Nagar, Tirupati. Features wide road frontage, Vastu-compliant layout, private paved garden, and 24/7 power backup.",Andhra Pradesh,Tirupati,SV Nagar,SV University Campus,SV Medical College,517502,https://images.unsplash.com/photo-1500382017468-9049fed747ef?auto=format&fit=crop&w=600&q=80&sig=1008
PROP-1009,"Exclusive Residential Plot in Akkarampalli, Tirupati","Akkarampalli, Tirupati",Tirupati,64.0,3000,0,0,Land,"Clear Title, Blacktop Road, Fencing, Water Connection, Electricity",Unfurnished,0,"Prime East-facing 3000 sq.ft residential plot in gated layout at Akkarampalli, Tirupati. Close to Tirumala Bypass Junction. Clear titles, 40ft approach road, and high investment appreciation potential.",Andhra Pradesh,Tirupati,Akkarampalli,Akkarampalli Bypass,Tirumala Bypass Junction,517507,https://images.unsplash.com/photo-1580587771525-78b9dba3b914?auto=format&fit=crop&w=600&q=80&sig=1009
PROP-1010,"Sky Villa 4 BHK Penthouse in KT Road, Tirupati","KT Road, Tirupati",Tirupati,408.0,4100,4,5,Penthouse,"Parking, Private Terrace, Swimming Pool, Gym, Elevator, Security, Concierge",Furnished,0,"Top-floor luxury sky villa penthouse commanding panoramic views of Tirupati skyline in KT Road. Private rooftop deck, VRV air-conditioning, Italian marble flooring, and 3 reserved parking slots.",Andhra Pradesh,Tirupati,KT Road,Kapila Theertham Road,Waterfalls Park,517507,https://images.unsplash.com/photo-1568605117036-5fe5e7bab0b7?auto=format&fit=crop&w=600&q=80&sig=1010
PROP-1011,"Modern 2 BHK Apartment in Benz Circle, Vijayawada","Benz Circle, Vijayawada",Vijayawada,45.0,950,2,2,Apartment,"Parking, Elevator, Security, Power Backup, Gym, Balcony, Play Area",Semi-Furnished,0,"Beautiful, well-ventilated 2 BHK home situated in prime residential hub of Benz Circle, Vijayawada. Modular kitchen, sunlit living area, high-speed elevator, and 24-hour security.",Andhra Pradesh,NTR District,Benz Circle,Benz Circle Flyover,Trendset Mall,520010,https://images.unsplash.com/photo-1570129477492-45c003edd2be?auto=format&fit=crop&w=600&q=80&sig=1011
PROP-1012,"Luxury 4 BHK Triplex Villa in Patamata, Vijayawada","Patamata, Vijayawada",Vijayawada,198.0,2920,4,4,Villa,"Parking, Private Garden, Swimming Pool, Security, Clubhouse, Gym, Solar Power",Furnished,1,"Exquisite 4 BHK independent triplex villa in premium gated township at Patamata, Vijayawada. Includes private landscaped garden, double-height living hall, servant quarters, and 2 car parkings.",Andhra Pradesh,NTR District,Patamata,Patamata High Road,Time Hospital,520010,https://images.unsplash.com/photo-1572120360610-d971b9d7767c?auto=format&fit=crop&w=600&q=80&sig=1012
PROP-1013,"Spacious 3 BHK Independent Duplex in Moghalrajpuram, Vijayawada","Moghalrajpuram, Vijayawada",Vijayawada,134.0,2120,3,3,Independent House,"Parking, Private Courtyard, Security, Power Backup, Terrace Garden",Semi-Furnished,2,"Independent ground + 1 duplex residence in serene neighborhood of Moghalrajpuram, Vijayawada. Features wide road frontage, Vastu-compliant layout, private paved garden, and 24/7 power backup.",Andhra Pradesh,NTR District,Moghalrajpuram,Moghalrajpuram Caves Road,PVP Square,520010,https://images.unsplash.com/photo-1600566753190-17f0baa2a6c3?auto=format&fit=crop&w=600&q=80&sig=1013
PROP-1014,"Exclusive Residential Plot in Poranki, Vijayawada","Poranki, Vijayawada",Vijayawada,41.5,2250,0,0,Land,"Clear Title, Blacktop Road, Fencing, Water Connection, Electricity",Unfurnished,0,"Prime East-facing 2250 sq.ft residential plot in gated layout at Poranki, Vijayawada. Close to VR Siddhartha College. Clear titles, 40ft approach road, and high investment appreciation potential.",Andhra Pradesh,NTR District,Poranki,Poranki Main Road,VR Siddhartha College,521137,https://images.unsplash.com/photo-1600585154526-990dced4db0d?auto=format&fit=crop&w=600&q=80&sig=1014
PROP-1015,"Sky Villa 4 BHK Penthouse in Kanuru, Vijayawada","Kanuru, Vijayawada",Vijayawada,298.0,3600,4,5,Penthouse,"Parking, Private Terrace, Swimming Pool, Gym, Elevator, Security, Concierge",Furnished,1,"Top-floor luxury sky villa penthouse commanding panoramic views of Vijayawada skyline in Kanuru. Private rooftop deck, VRV air-conditioning, Italian marble flooring, and 3 reserved parking slots.",Andhra Pradesh,NTR District,Kanuru,Kanuru Junction,Spurthy Supermarket,520007,https://images.unsplash.com/photo-1600607687939-ce8a6c25118c?auto=format&fit=crop&w=600&q=80&sig=1015
PROP-1016,"Modern 3 BHK Apartment in Gollapudi, Vijayawada","Gollapudi, Vijayawada",Vijayawada,87.5,1400,3,3,Apartment,"Parking, Elevator, Security, Power Backup, Gym, Balcony, Play Area",Unfurnished,1,"Beautiful, well-ventilated 3 BHK home situated in prime residential hub of Gollapudi, Vijayawada. Modular kitchen, sunlit living area, high-speed elevator, and 24-hour security.",Andhra Pradesh,NTR District,Gollapudi,Gollapudi Bypass,Wholesale Market,521225,https://images.unsplash.com/photo-1600607687920-4e2a09cf159d?auto=format&fit=crop&w=600&q=80&sig=1016
PROP-1017,"Luxury 4 BHK Triplex Villa in Auto Nagar, Vijayawada","Auto Nagar, Vijayawada",Vijayawada,288.0,3520,4,4,Villa,"Parking, Private Garden, Swimming Pool, Security, Clubhouse, Gym, Solar Power",Semi-Furnished,2,"Exquisite 4 BHK independent triplex villa in premium gated township at Auto Nagar, Vijayawada. Includes private landscaped garden, double-height living hall, servant quarters, and 2 car parkings.",Andhra Pradesh,NTR District,Auto Nagar,Auto Nagar 100ft Road,Industrial Estate Park,520007,https://images.unsplash.com/photo-1513694203232-719a280e022f?auto=format&fit=crop&w=600&q=80&sig=1017
PROP-1018,"Spacious 3 BHK Independent Duplex in Bhavanipuram, Vijayawada","Bhavanipuram, Vijayawada",Vijayawada,194.0,2670,3,3,Independent House,"Parking, Private Courtyard, Security, Power Backup, Terrace Garden",Semi-Furnished,2,"Independent ground + 1 duplex residence in serene neighborhood of Bhavanipuram, Vijayawada. Features wide road frontage, Vastu-compliant layout, private paved garden, and 24/7 power backup.",Andhra Pradesh,NTR District,Bhavanipuram,Bhavanipuram Main Road,Prakasam Barrage View,520012,https://images.unsplash.com/photo-1549517045-bc93de075e53?auto=format&fit=crop&w=600&q=80&sig=1018
PROP-1019,"Exclusive Residential Plot in Ramavarappadu, Vijayawada","Ramavarappadu, Vijayawada",Vijayawada,64.0,3000,0,0,Land,"Clear Title, Blacktop Road, Fencing, Water Connection, Electricity",Unfurnished,0,"Prime East-facing 3000 sq.ft residential plot in gated layout at Ramavarappadu, Vijayawada. Close to Inner Ring Junction. Clear titles, 40ft approach road, and high investment appreciation potential.",Andhra Pradesh,NTR District,Ramavarappadu,Ramavarappadu Ring Road,Inner Ring Junction,521108,https://images.unsplash.com/photo-1513584684374-8bab748fbf90?auto=format&fit=crop&w=600&q=80&sig=1019
PROP-1020,"Sky Villa 4 BHK Penthouse in Enikepadu, Vijayawada","Enikepadu, Vijayawada",Vijayawada,408.0,4100,4,5,Penthouse,"Parking, Private Terrace, Swimming Pool, Gym, Elevator, Security, Concierge",Furnished,0,"Top-floor luxury sky villa penthouse commanding panoramic views of Vijayawada skyline in Enikepadu. Private rooftop deck, VRV air-conditioning, Italian marble flooring, and 3 reserved parking slots.",Andhra Pradesh,NTR District,Enikepadu,Enikepadu Highway,Latha Supermarket,521108,https://images.unsplash.com/photo-1523217582562-09d0def993a6?auto=format&fit=crop&w=600&q=80&sig=1020
PROP-1021,"Modern 2 BHK Apartment in Brodipet, Guntur","Brodipet, Guntur",Guntur,45.0,950,2,2,Apartment,"Parking, Elevator, Security, Power Backup, Gym, Balcony, Play Area",Semi-Furnished,0,"Beautiful, well-ventilated 2 BHK home situated in prime residential hub of Brodipet, Guntur. Modular kitchen, sunlit living area, high-speed elevator, and 24-hour security.",Andhra Pradesh,Guntur,Brodipet,Brodipet 4th Line,Naaz Centre,522002,https://images.unsplash.com/photo-1583608205776-bfd35f0d9f83?auto=format&fit=crop&w=600&q=80&sig=1021
PROP-1022,"Luxury 4 BHK Triplex Villa in Arundelpet, Guntur","Arundelpet, Guntur",Guntur,198.0,2920,4,4,Villa,"Parking, Private Garden, Swimming Pool, Security, Clubhouse, Gym, Solar Power",Furnished,1,"Exquisite 4 BHK independent triplex villa in premium gated township at Arundelpet, Guntur. Includes private landscaped garden, double-height living hall, servant quarters, and 2 car parkings.",Andhra Pradesh,Guntur,Arundelpet,Arundelpet Main Road,Shankar Vilas Center,522002,https://images.unsplash.com/photo-1576941089067-2de3c901e126?auto=format&fit=crop&w=600&q=80&sig=1022
PROP-1023,"Spacious 3 BHK Independent Duplex in Lakshmipuram, Guntur","Lakshmipuram, Guntur",Guntur,134.0,2120,3,3,Independent House,"Parking, Private Courtyard, Security, Power Backup, Terrace Garden",Semi-Furnished,2,"Independent ground + 1 duplex residence in serene neighborhood of Lakshmipuram, Guntur. Features wide road frontage, Vastu-compliant layout, private paved garden, and 24/7 power backup.",Andhra Pradesh,Guntur,Lakshmipuram,Lakshmipuram 8th Line,Hindu College Campus,522007,https://images.unsplash.com/photo-1598257006458-087169a1f08d?auto=format&fit=crop&w=600&q=80&sig=1023
PROP-1024,"Exclusive Residential Plot in Amaravathi Road, Guntur","Amaravathi Road, Guntur",Guntur,41.5,2250,0,0,Land,"Clear Title, Blacktop Road, Fencing, Water Connection, Electricity",Unfurnished,0,"Prime East-facing 2250 sq.ft residential plot in gated layout at Amaravathi Road, Guntur. Close to NTR Statue Circle. Clear titles, 40ft approach road, and high investment appreciation potential.",Andhra Pradesh,Guntur,Amaravathi Road,Amaravati Main Highway,NTR Statue Circle,522002,https://images.unsplash.com/photo-1599809275671-b59425804642?auto=format&fit=crop&w=600&q=80&sig=1024
PROP-1025,"Sky Villa 4 BHK Penthouse in Nallapadu, Guntur","Nallapadu, Guntur",Guntur,298.0,3600,4,5,Penthouse,"Parking, Private Terrace, Swimming Pool, Gym, Elevator, Security, Concierge",Furnished,1,"Top-floor luxury sky villa penthouse commanding panoramic views of Guntur skyline in Nallapadu. Private rooftop deck, VRV air-conditioning, Italian marble flooring, and 3 reserved parking slots.",Andhra Pradesh,Guntur,Nallapadu,Nallapadu Railway Station,Industrial Park,522005,https://images.unsplash.com/photo-1600573472591-ee6b68d14c68?auto=format&fit=crop&w=600&q=80&sig=1025
PROP-1026,"Modern 3 BHK Apartment in Pattabhipuram, Guntur","Pattabhipuram, Guntur",Guntur,87.5,1400,3,3,Apartment,"Parking, Elevator, Security, Power Backup, Gym, Balcony, Play Area",Unfurnished,1,"Beautiful, well-ventilated 3 BHK home situated in prime residential hub of Pattabhipuram, Guntur. Modular kitchen, sunlit living area, high-speed elevator, and 24-hour security.",Andhra Pradesh,Guntur,Pattabhipuram,Pattabhipuram Main Road,St Joseph Hospital,522006,https://images.unsplash.com/photo-1600566753376-12c8ab7fb75b?auto=format&fit=crop&w=600&q=80&sig=1026
PROP-1027,"Luxury 4 BHK Triplex Villa in SVN Colony, Guntur","SVN Colony, Guntur",Guntur,288.0,3520,4,4,Villa,"Parking, Private Garden, Swimming Pool, Security, Clubhouse, Gym, Solar Power",Semi-Furnished,2,"Exquisite 4 BHK independent triplex villa in premium gated township at SVN Colony, Guntur. Includes private landscaped garden, double-height living hall, servant quarters, and 2 car parkings.",Andhra Pradesh,Guntur,SVN Colony,SVN Colony Main Street,Municipal Park,522006,https://images.unsplash.com/photo-1600585152220-90363fe7e115?auto=format&fit=crop&w=600&q=80&sig=1027
PROP-1028,"Spacious 3 BHK Independent Duplex in Srinagar, Guntur","Srinagar, Guntur",Guntur,194.0,2670,3,3,Independent House,"Parking, Private Courtyard, Security, Power Backup, Terrace Garden",Semi-Furnished,2,"Independent ground + 1 duplex residence in serene neighborhood of Srinagar, Guntur. Features wide road frontage, Vastu-compliant layout, private paved garden, and 24/7 power backup.",Andhra Pradesh,Guntur,Srinagar,Srinagar 2nd Line,SBI Branch,522002,https://images.unsplash.com/photo-1600607687644-c7171b42498b?auto=format&fit=crop&w=600&q=80&sig=1028
PROP-1029,"Exclusive Residential Plot in Gorantla, Guntur","Gorantla, Guntur",Guntur,64.0,3000,0,0,Land,"Clear Title, Blacktop Road, Fencing, Water Connection, Electricity",Unfurnished,0,"Prime East-facing 3000 sq.ft residential plot in gated layout at Gorantla, Guntur. Close to DPS School. Clear titles, 40ft approach road, and high investment appreciation potential.",Andhra Pradesh,Guntur,Gorantla,Gorantla Inner Ring Road,DPS School,522034,https://images.unsplash.com/photo-1600566752355-35792bedcfea?auto=format&fit=crop&w=600&q=80&sig=1029
PROP-1030,"Sky Villa 4 BHK Penthouse in Vidya Nagar, Guntur","Vidya Nagar, Guntur",Guntur,408.0,4100,4,5,Penthouse,"Parking, Private Terrace, Swimming Pool, Gym, Elevator, Security, Concierge",Furnished,0,"Top-floor luxury sky villa penthouse commanding panoramic views of Guntur skyline in Vidya Nagar. Private rooftop deck, VRV air-conditioning, Italian marble flooring, and 3 reserved parking slots.",Andhra Pradesh,Guntur,Vidya Nagar,Vidya Nagar 1st Line,JKC College,522007,https://images.unsplash.com/photo-1600585154363-67eb9e2e2099?auto=format&fit=crop&w=600&q=80&sig=1030
PROP-1031,"Modern 2 BHK Apartment in Koramangala, Bangalore","Koramangala, Bangalore",Bangalore,45.0,950,2,2,Apartment,"Parking, Elevator, Security, Power Backup, Gym, Balcony, Play Area",Semi-Furnished,0,"Beautiful, well-ventilated 2 BHK home situated in prime residential hub of Koramangala, Bangalore. Modular kitchen, sunlit living area, high-speed elevator, and 24-hour security.",Karnataka,Bangalore Urban,Koramangala,Koramangala 4th Block,Sony World Signal,560034,https://images.unsplash.com/photo-1600607687909-ed96943c3228?auto=format&fit=crop&w=600&q=80&sig=1031
PROP-1032,"Luxury 4 BHK Triplex Villa in Indiranagar, Bangalore","Indiranagar, Bangalore",Bangalore,198.0,2920,4,4,Villa,"Parking, Private Garden, Swimming Pool, Security, Clubhouse, Gym, Solar Power",Furnished,1,"Exquisite 4 BHK independent triplex villa in premium gated township at Indiranagar, Bangalore. Includes private landscaped garden, double-height living hall, servant quarters, and 2 car parkings.",Karnataka,Bangalore Urban,Indiranagar,100ft Road Indiranagar,Indiranagar Metro Stn,560038,https://images.unsplash.com/photo-1600566753086-00f18fb6b3ea?auto=format&fit=crop&w=600&q=80&sig=1032
PROP-1033,"Spacious 3 BHK Independent Duplex in Whitefield, Bangalore","Whitefield, Bangalore",Bangalore,134.0,2120,3,3,Independent House,"Parking, Private Courtyard, Security, Power Backup, Terrace Garden",Semi-Furnished,2,"Independent ground + 1 duplex residence in serene neighborhood of Whitefield, Bangalore. Features wide road frontage, Vastu-compliant layout, private paved garden, and 24/7 power backup.",Karnataka,Bangalore Urban,Whitefield,Whitefield Main Road,ITPB Tech Park,560066,https://images.unsplash.com/photo-1600585152915-d208bec867a1?auto=format&fit=crop&w=600&q=80&sig=1033
PROP-1034,"Exclusive Residential Plot in Sarjapur Road, Bangalore","Sarjapur Road, Bangalore",Bangalore,41.5,2250,0,0,Land,"Clear Title, Blacktop Road, Fencing, Water Connection, Electricity",Unfurnished,0,"Prime East-facing 2250 sq.ft residential plot in gated layout at Sarjapur Road, Bangalore. Close to Wipro SEZ Campus. Clear titles, 40ft approach road, and high investment appreciation potential.",Karnataka,Bangalore Urban,Sarjapur Road,Sarjapur Main Road,Wipro SEZ Campus,560035,https://images.unsplash.com/photo-1600607687939-ce8a6c25118c?auto=format&fit=crop&w=600&q=80&sig=1034
PROP-1035,"Sky Villa 4 BHK Penthouse in HSR Layout, Bangalore","HSR Layout, Bangalore",Bangalore,298.0,3600,4,5,Penthouse,"Parking, Private Terrace, Swimming Pool, Gym, Elevator, Security, Concierge",Furnished,1,"Top-floor luxury sky villa penthouse commanding panoramic views of Bangalore skyline in HSR Layout. Private rooftop deck, VRV air-conditioning, Italian marble flooring, and 3 reserved parking slots.",Karnataka,Bangalore Urban,HSR Layout,HSR Layout Sector 1,BDAS Complex,560102,https://images.unsplash.com/photo-1600566753190-17f0baa2a6c3?auto=format&fit=crop&w=600&q=80&sig=1035
PROP-1036,"Modern 3 BHK Apartment in BTM Layout, Bangalore","BTM Layout, Bangalore",Bangalore,87.5,1400,3,3,Apartment,"Parking, Elevator, Security, Power Backup, Gym, Balcony, Play Area",Unfurnished,1,"Beautiful, well-ventilated 3 BHK home situated in prime residential hub of BTM Layout, Bangalore. Modular kitchen, sunlit living area, high-speed elevator, and 24-hour security.",Karnataka,Bangalore Urban,BTM Layout,BTM 2nd Stage,Udupi Garden Signal,560076,https://images.unsplash.com/photo-1600585154526-990dced4db0d?auto=format&fit=crop&w=600&q=80&sig=1036
PROP-1037,"Luxury 4 BHK Triplex Villa in Bellandur, Bangalore","Bellandur, Bangalore",Bangalore,288.0,3520,4,4,Villa,"Parking, Private Garden, Swimming Pool, Security, Clubhouse, Gym, Solar Power",Semi-Furnished,2,"Exquisite 4 BHK independent triplex villa in premium gated township at Bellandur, Bangalore. Includes private landscaped garden, double-height living hall, servant quarters, and 2 car parkings.",Karnataka,Bangalore Urban,Bellandur,Outer Ring Road Bellandur,Ecospace Tech Park,560103,https://images.unsplash.com/photo-1600607687920-4e2a09cf159d?auto=format&fit=crop&w=600&q=80&sig=1037
PROP-1038,"Spacious 3 BHK Independent Duplex in Yelahanka, Bangalore","Yelahanka, Bangalore",Bangalore,194.0,2670,3,3,Independent House,"Parking, Private Courtyard, Security, Power Backup, Terrace Garden",Semi-Furnished,2,"Independent ground + 1 duplex residence in serene neighborhood of Yelahanka, Bangalore. Features wide road frontage, Vastu-compliant layout, private paved garden, and 24/7 power backup.",Karnataka,Bangalore Urban,Yelahanka,Yelahanka New Town,Cognizant Campus,560064,https://images.unsplash.com/photo-1513694203232-719a280e022f?auto=format&fit=crop&w=600&q=80&sig=1038
PROP-1039,"Exclusive Residential Plot in Rajajinagar, Bangalore","Rajajinagar, Bangalore",Bangalore,64.0,3000,0,0,Land,"Clear Title, Blacktop Road, Fencing, Water Connection, Electricity",Unfurnished,0,"Prime East-facing 3000 sq.ft residential plot in gated layout at Rajajinagar, Bangalore. Close to ISKCON Temple. Clear titles, 40ft approach road, and high investment appreciation potential.",Karnataka,Bangalore Urban,Rajajinagar,Rajajinagar 4th Block,ISKCON Temple,560010,https://images.unsplash.com/photo-1549517045-bc93de075e53?auto=format&fit=crop&w=600&q=80&sig=1039
PROP-1040,"Sky Villa 4 BHK Penthouse in Thanisandra, Bangalore","Thanisandra, Bangalore",Bangalore,408.0,4100,4,5,Penthouse,"Parking, Private Terrace, Swimming Pool, Gym, Elevator, Security, Concierge",Furnished,0,"Top-floor luxury sky villa penthouse commanding panoramic views of Bangalore skyline in Thanisandra. Private rooftop deck, VRV air-conditioning, Italian marble flooring, and 3 reserved parking slots.",Karnataka,Bangalore Urban,Thanisandra,Thanisandra Main Road,Manyata Tech Park,560077,https://images.unsplash.com/photo-1513584684374-8bab748fbf90?auto=format&fit=crop&w=600&q=80&sig=1040
PROP-1041,"Modern 2 BHK Apartment in Jubilee Hills, Hyderabad","Jubilee Hills, Hyderabad",Hyderabad,45.0,950,2,2,Apartment,"Parking, Elevator, Security, Power Backup, Gym, Balcony, Play Area",Semi-Furnished,0,"Beautiful, well-ventilated 2 BHK home situated in prime residential hub of Jubilee Hills, Hyderabad. Modular kitchen, sunlit living area, high-speed elevator, and 24-hour security.",Telangana,Hyderabad,Jubilee Hills,Road No 36 Jubilee Hills,Metro Pillar 22,500033,https://images.unsplash.com/photo-1580587771525-78b9dba3b914?auto=format&fit=crop&w=600&q=80&sig=1041
PROP-1042,"Luxury 4 BHK Triplex Villa in Gachibowli, Hyderabad","Gachibowli, Hyderabad",Hyderabad,198.0,2920,4,4,Villa,"Parking, Private Garden, Swimming Pool, Security, Clubhouse, Gym, Solar Power",Furnished,1,"Exquisite 4 BHK independent triplex villa in premium gated township at Gachibowli, Hyderabad. Includes private landscaped garden, double-height living hall, servant quarters, and 2 car parkings.",Telangana,Hyderabad,Gachibowli,Financial District Gachibowli,Bio Diversity Park,500032,https://images.unsplash.com/photo-1568605117036-5fe5e7bab0b7?auto=format&fit=crop&w=600&q=80&sig=1042
PROP-1043,"Spacious 3 BHK Independent Duplex in HITEC City, Hyderabad","HITEC City, Hyderabad",Hyderabad,134.0,2120,3,3,Independent House,"Parking, Private Courtyard, Security, Power Backup, Terrace Garden",Semi-Furnished,2,"Independent ground + 1 duplex residence in serene neighborhood of HITEC City, Hyderabad. Features wide road frontage, Vastu-compliant layout, private paved garden, and 24/7 power backup.",Telangana,Hyderabad,HITEC City,Cyber Towers Road,Cyber Towers Junction,500081,https://images.unsplash.com/photo-1570129477492-45c003edd2be?auto=format&fit=crop&w=600&q=80&sig=1043
PROP-1044,"Exclusive Residential Plot in Kondapur, Hyderabad","Kondapur, Hyderabad",Hyderabad,41.5,2250,0,0,Land,"Clear Title, Blacktop Road, Fencing, Water Connection, Electricity",Unfurnished,0,"Prime East-facing 2250 sq.ft residential plot in gated layout at Kondapur, Hyderabad. Close to Botanical Garden Gate. Clear titles, 40ft approach road, and high investment appreciation potential.",Telangana,Hyderabad,Kondapur,Kondapur Main Road,Botanical Garden Gate,500084,https://images.unsplash.com/photo-1572120360610-d971b9d7767c?auto=format&fit=crop&w=600&q=80&sig=1044
PROP-1045,"Sky Villa 4 BHK Penthouse in Madhapur, Hyderabad","Madhapur, Hyderabad",Hyderabad,298.0,3600,4,5,Penthouse,"Parking, Private Terrace, Swimming Pool, Gym, Elevator, Security, Concierge",Furnished,1,"Top-floor luxury sky villa penthouse commanding panoramic views of Hyderabad skyline in Madhapur. Private rooftop deck, VRV air-conditioning, Italian marble flooring, and 3 reserved parking slots.",Telangana,Hyderabad,Madhapur,Durgam Cheruvu Road,Durgam Cheruvu Bridge,500081,https://images.unsplash.com/photo-1500382017468-9049fed747ef?auto=format&fit=crop&w=600&q=80&sig=1045
PROP-1046,"Modern 3 BHK Apartment in Miyapur, Hyderabad","Miyapur, Hyderabad",Hyderabad,87.5,1400,3,3,Apartment,"Parking, Elevator, Security, Power Backup, Gym, Balcony, Play Area",Unfurnished,1,"Beautiful, well-ventilated 3 BHK home situated in prime residential hub of Miyapur, Hyderabad. Modular kitchen, sunlit living area, high-speed elevator, and 24-hour security.",Telangana,Hyderabad,Miyapur,Miyapur Metro Station,Miyapur X Roads,500049,https://images.unsplash.com/photo-1502672260266-1c1ef2d93688?auto=format&fit=crop&w=600&q=80&sig=1046
PROP-1047,"Luxury 4 BHK Triplex Villa in Manikonda, Hyderabad","Manikonda, Hyderabad",Hyderabad,288.0,3520,4,4,Villa,"Parking, Private Garden, Swimming Pool, Security, Clubhouse, Gym, Solar Power",Semi-Furnished,2,"Exquisite 4 BHK independent triplex villa in premium gated township at Manikonda, Hyderabad. Includes private landscaped garden, double-height living hall, servant quarters, and 2 car parkings.",Telangana,Hyderabad,Manikonda,Manikonda Main Road,L&T Financial Towers,500089,https://images.unsplash.com/photo-1545324418-cc1a3fa10c00?auto=format&fit=crop&w=600&q=80&sig=1047
PROP-1048,"Spacious 3 BHK Independent Duplex in Tellapur, Hyderabad","Tellapur, Hyderabad",Hyderabad,194.0,2670,3,3,Independent House,"Parking, Private Courtyard, Security, Power Backup, Terrace Garden",Semi-Furnished,2,"Independent ground + 1 duplex residence in serene neighborhood of Tellapur, Hyderabad. Features wide road frontage, Vastu-compliant layout, private paved garden, and 24/7 power backup.",Telangana,Hyderabad,Tellapur,Tellapur Main Highway,Neopolis Tech Park,502032,https://images.unsplash.com/photo-1512917774080-9991f1c4c750?auto=format&fit=crop&w=600&q=80&sig=1048
PROP-1049,"Exclusive Residential Plot in Uppal, Hyderabad","Uppal, Hyderabad",Hyderabad,64.0,3000,0,0,Land,"Clear Title, Blacktop Road, Fencing, Water Connection, Electricity",Unfurnished,0,"Prime East-facing 3000 sq.ft residential plot in gated layout at Uppal, Hyderabad. Close to RGIC Stadium. Clear titles, 40ft approach road, and high investment appreciation potential.",Telangana,Hyderabad,Uppal,Uppal Depot Road,RGIC Stadium,500039,https://images.unsplash.com/photo-1560518883-ce09059eeffa?auto=format&fit=crop&w=600&q=80&sig=1049
PROP-1050,"Sky Villa 4 BHK Penthouse in Banjara Hills, Hyderabad","Banjara Hills, Hyderabad",Hyderabad,408.0,4100,4,5,Penthouse,"Parking, Private Terrace, Swimming Pool, Gym, Elevator, Security, Concierge",Furnished,0,"Top-floor luxury sky villa penthouse commanding panoramic views of Hyderabad skyline in Banjara Hills. Private rooftop deck, VRV air-conditioning, Italian marble flooring, and 3 reserved parking slots.",Telangana,Hyderabad,Banjara Hills,Road No 12 Banjara Hills,Taj Krishna Circle,500034,https://images.unsplash.com/photo-1613977257363-707ba9348227?auto=format&fit=crop&w=600&q=80&sig=1050
PROP-1051,"Modern 2 BHK Apartment in Bandra West, Mumbai","Bandra West, Mumbai",Mumbai,45.0,950,2,2,Apartment,"Parking, Elevator, Security, Power Backup, Gym, Balcony, Play Area",Semi-Furnished,0,"Beautiful, well-ventilated 2 BHK home situated in prime residential hub of Bandra West, Mumbai. Modular kitchen, sunlit living area, high-speed elevator, and 24-hour security.",Maharashtra,Mumbai Suburban,Bandra West,Carter Road Bandra,Bandstand Promenade,400050,https://images.unsplash.com/photo-1600596542815-ffad4c1539a9?auto=format&fit=crop&w=600&q=80&sig=1051
PROP-1052,"Luxury 4 BHK Triplex Villa in Andheri East, Mumbai","Andheri East, Mumbai",Mumbai,198.0,2920,4,4,Villa,"Parking, Private Garden, Swimming Pool, Security, Clubhouse, Gym, Solar Power",Furnished,1,"Exquisite 4 BHK independent triplex villa in premium gated township at Andheri East, Mumbai. Includes private landscaped garden, double-height living hall, servant quarters, and 2 car parkings.",Maharashtra,Mumbai Suburban,Andheri East,JB Nagar Andheri,Andheri Metro Station,400069,https://images.unsplash.com/photo-1600585154340-be6161a56a0c?auto=format&fit=crop&w=600&q=80&sig=1052
PROP-1053,"Spacious 3 BHK Independent Duplex in Powai, Mumbai","Powai, Mumbai",Mumbai,134.0,2120,3,3,Independent House,"Parking, Private Courtyard, Security, Power Backup, Terrace Garden",Semi-Furnished,2,"Independent ground + 1 duplex residence in serene neighborhood of Powai, Mumbai. Features wide road frontage, Vastu-compliant layout, private paved garden, and 24/7 power backup.",Maharashtra,Mumbai Suburban,Powai,Hiranandani Gardens Powai,Powai Lake Promenade,400076,https://images.unsplash.com/photo-1583608205776-bfd35f0d9f83?auto=format&fit=crop&w=600&q=80&sig=1053
PROP-1054,"Exclusive Residential Plot in Thane West, Mumbai","Thane West, Mumbai",Mumbai,41.5,2250,0,0,Land,"Clear Title, Blacktop Road, Fencing, Water Connection, Electricity",Unfurnished,0,"Prime East-facing 2250 sq.ft residential plot in gated layout at Thane West, Mumbai. Close to Viviana Mall. Clear titles, 40ft approach road, and high investment appreciation potential.",Maharashtra,Mumbai Suburban,Thane West,Ghodbunder Road Thane,Viviana Mall,400607,https://images.unsplash.com/photo-1576941089067-2de3c901e126?auto=format&fit=crop&w=600&q=80&sig=1054
PROP-1055,"Sky Villa 4 BHK Penthouse in Lower Parel, Mumbai","Lower Parel, Mumbai",Mumbai,298.0,3600,4,5,Penthouse,"Parking, Private Terrace, Swimming Pool, Gym, Elevator, Security, Concierge",Furnished,1,"Top-floor luxury sky villa penthouse commanding panoramic views of Mumbai skyline in Lower Parel. Private rooftop deck, VRV air-conditioning, Italian marble flooring, and 3 reserved parking slots.",Maharashtra,Mumbai Suburban,Lower Parel,Senapati Bapat Marg,Phoenix Palladium,400013,https://images.unsplash.com/photo-1598257006458-087169a1f08d?auto=format&fit=crop&w=600&q=80&sig=1055
PROP-1056,"Modern 3 BHK Apartment in Malad West, Mumbai","Malad West, Mumbai",Mumbai,87.5,1400,3,3,Apartment,"Parking, Elevator, Security, Power Backup, Gym, Balcony, Play Area",Unfurnished,1,"Beautiful, well-ventilated 3 BHK home situated in prime residential hub of Malad West, Mumbai. Modular kitchen, sunlit living area, high-speed elevator, and 24-hour security.",Maharashtra,Mumbai Suburban,Malad West,Mindspace Malad,Inorbit Mall,400064,https://images.unsplash.com/photo-1599809275671-b59425804642?auto=format&fit=crop&w=600&q=80&sig=1056
PROP-1057,"Luxury 4 BHK Triplex Villa in Chembur, Mumbai","Chembur, Mumbai",Mumbai,288.0,3520,4,4,Villa,"Parking, Private Garden, Swimming Pool, Security, Clubhouse, Gym, Solar Power",Semi-Furnished,2,"Exquisite 4 BHK independent triplex villa in premium gated township at Chembur, Mumbai. Includes private landscaped garden, double-height living hall, servant quarters, and 2 car parkings.",Maharashtra,Mumbai Suburban,Chembur,Chembur East Main Road,Eastern Freeway Junction,400071,https://images.unsplash.com/photo-1600573472591-ee6b68d14c68?auto=format&fit=crop&w=600&q=80&sig=1057
PROP-1058,"Spacious 3 BHK Independent Duplex in Kandivali East, Mumbai","Kandivali East, Mumbai",Mumbai,194.0,2670,3,3,Independent House,"Parking, Private Courtyard, Security, Power Backup, Terrace Garden",Semi-Furnished,2,"Independent ground + 1 duplex residence in serene neighborhood of Kandivali East, Mumbai. Features wide road frontage, Vastu-compliant layout, private paved garden, and 24/7 power backup.",Maharashtra,Mumbai Suburban,Kandivali East,Thakur Village Kandivali,Thakur College,400101,https://images.unsplash.com/photo-1600566753376-12c8ab7fb75b?auto=format&fit=crop&w=600&q=80&sig=1058
PROP-1059,"Exclusive Residential Plot in Borivali West, Mumbai","Borivali West, Mumbai",Mumbai,64.0,3000,0,0,Land,"Clear Title, Blacktop Road, Fencing, Water Connection, Electricity",Unfurnished,0,"Prime East-facing 3000 sq.ft residential plot in gated layout at Borivali West, Mumbai. Close to National Park Gate. Clear titles, 40ft approach road, and high investment appreciation potential.",Maharashtra,Mumbai Suburban,Borivali West,Shimpoli Borivali,National Park Gate,400092,https://images.unsplash.com/photo-1600585152220-90363fe7e115?auto=format&fit=crop&w=600&q=80&sig=1059
PROP-1060,"Sky Villa 4 BHK Penthouse in Juhu, Mumbai","Juhu, Mumbai",Mumbai,408.0,4100,4,5,Penthouse,"Parking, Private Terrace, Swimming Pool, Gym, Elevator, Security, Concierge",Furnished,0,"Top-floor luxury sky villa penthouse commanding panoramic views of Mumbai skyline in Juhu. Private rooftop deck, VRV air-conditioning, Italian marble flooring, and 3 reserved parking slots.",Maharashtra,Mumbai Suburban,Juhu,Juhu Tara Road,Juhu Beach Gate,400049,https://images.unsplash.com/photo-1600607687644-c7171b42498b?auto=format&fit=crop&w=600&q=80&sig=1060
PROP-1061,"Modern 2 BHK Apartment in Adyar, Chennai","Adyar, Chennai",Chennai,45.0,950,2,2,Apartment,"Parking, Elevator, Security, Power Backup, Gym, Balcony, Play Area",Semi-Furnished,0,"Beautiful, well-ventilated 2 BHK home situated in prime residential hub of Adyar, Chennai. Modular kitchen, sunlit living area, high-speed elevator, and 24-hour security.",Tamil Nadu,Chennai,Adyar,Lattice Bridge Road Adyar,Adyar Signal,600020,https://images.unsplash.com/photo-1600566752355-35792bedcfea?auto=format&fit=crop&w=600&q=80&sig=1061
PROP-1062,"Luxury 4 BHK Triplex Villa in Velachery, Chennai","Velachery, Chennai",Chennai,198.0,2920,4,4,Villa,"Parking, Private Garden, Swimming Pool, Security, Clubhouse, Gym, Solar Power",Furnished,1,"Exquisite 4 BHK independent triplex villa in premium gated township at Velachery, Chennai. Includes private landscaped garden, double-height living hall, servant quarters, and 2 car parkings.",Tamil Nadu,Chennai,Velachery,Velachery Main Road,Phoenix Marketcity,600042,https://images.unsplash.com/photo-1600585154363-67eb9e2e2099?auto=format&fit=crop&w=600&q=80&sig=1062
PROP-1063,"Spacious 3 BHK Independent Duplex in ECR, Chennai","ECR, Chennai",Chennai,134.0,2120,3,3,Independent House,"Parking, Private Courtyard, Security, Power Backup, Terrace Garden",Semi-Furnished,2,"Independent ground + 1 duplex residence in serene neighborhood of ECR, Chennai. Features wide road frontage, Vastu-compliant layout, private paved garden, and 24/7 power backup.",Tamil Nadu,Chennai,ECR,East Coast Road Palavakkam,Akkarai Beach,600041,https://images.unsplash.com/photo-1600607687909-ed96943c3228?auto=format&fit=crop&w=600&q=80&sig=1063
PROP-1064,"Exclusive Residential Plot in Anna Nagar, Chennai","Anna Nagar, Chennai",Chennai,41.5,2250,0,0,Land,"Clear Title, Blacktop Road, Fencing, Water Connection, Electricity",Unfurnished,0,"Prime East-facing 2250 sq.ft residential plot in gated layout at Anna Nagar, Chennai. Close to Tower Park. Clear titles, 40ft approach road, and high investment appreciation potential.",Tamil Nadu,Chennai,Anna Nagar,Anna Nagar West 2nd Avenue,Tower Park,600040,https://images.unsplash.com/photo-1600566753086-00f18fb6b3ea?auto=format&fit=crop&w=600&q=80&sig=1064
PROP-1065,"Sky Villa 4 BHK Penthouse in OMR, Chennai","OMR, Chennai",Chennai,298.0,3600,4,5,Penthouse,"Parking, Private Terrace, Swimming Pool, Gym, Elevator, Security, Concierge",Furnished,1,"Top-floor luxury sky villa penthouse commanding panoramic views of Chennai skyline in OMR. Private rooftop deck, VRV air-conditioning, Italian marble flooring, and 3 reserved parking slots.",Tamil Nadu,Chennai,OMR,Old Mahabalipuram Road,TIDEL Park,600096,https://images.unsplash.com/photo-1600585152915-d208bec867a1?auto=format&fit=crop&w=600&q=80&sig=1065
PROP-1066,"Modern 3 BHK Apartment in Porur, Chennai","Porur, Chennai",Chennai,87.5,1400,3,3,Apartment,"Parking, Elevator, Security, Power Backup, Gym, Balcony, Play Area",Unfurnished,1,"Beautiful, well-ventilated 3 BHK home situated in prime residential hub of Porur, Chennai. Modular kitchen, sunlit living area, high-speed elevator, and 24-hour security.",Tamil Nadu,Chennai,Porur,Porur Junction,DLF IT Park,600116,https://images.unsplash.com/photo-1600607688000-880000000001?auto=format&fit=crop&w=600&q=80&sig=1066
PROP-1067,"Luxury 4 BHK Triplex Villa in Tambaram, Chennai","Tambaram, Chennai",Chennai,288.0,3520,4,4,Villa,"Parking, Private Garden, Swimming Pool, Security, Clubhouse, Gym, Solar Power",Semi-Furnished,2,"Exquisite 4 BHK independent triplex villa in premium gated township at Tambaram, Chennai. Includes private landscaped garden, double-height living hall, servant quarters, and 2 car parkings.",Tamil Nadu,Chennai,Tambaram,Tambaram West Main Road,Tambaram Railway Stn,600045,https://images.unsplash.com/photo-1600607688000-880000000002?auto=format&fit=crop&w=600&q=80&sig=1067
PROP-1068,"Spacious 3 BHK Independent Duplex in Sholinganallur, Chennai","Sholinganallur, Chennai",Chennai,194.0,2670,3,3,Independent House,"Parking, Private Courtyard, Security, Power Backup, Terrace Garden",Semi-Furnished,2,"Independent ground + 1 duplex residence in serene neighborhood of Sholinganallur, Chennai. Features wide road frontage, Vastu-compliant layout, private paved garden, and 24/7 power backup.",Tamil Nadu,Chennai,Sholinganallur,Sholinganallur Junction,ELCOT SEZ Campus,600119,https://images.unsplash.com/photo-1600607688000-880000000003?auto=format&fit=crop&w=600&q=80&sig=1068
PROP-1069,"Exclusive Residential Plot in Mylapore, Chennai","Mylapore, Chennai",Chennai,64.0,3000,0,0,Land,"Clear Title, Blacktop Road, Fencing, Water Connection, Electricity",Unfurnished,0,"Prime East-facing 3000 sq.ft residential plot in gated layout at Mylapore, Chennai. Close to Kapaleeshwarar Temple. Clear titles, 40ft approach road, and high investment appreciation potential.",Tamil Nadu,Chennai,Mylapore,Luz Church Road Mylapore,Kapaleeshwarar Temple,600004,https://images.unsplash.com/photo-1600607688000-880000000004?auto=format&fit=crop&w=600&q=80&sig=1069
PROP-1070,"Sky Villa 4 BHK Penthouse in T Nagar, Chennai","T Nagar, Chennai",Chennai,408.0,4100,4,5,Penthouse,"Parking, Private Terrace, Swimming Pool, Gym, Elevator, Security, Concierge",Furnished,0,"Top-floor luxury sky villa penthouse commanding panoramic views of Chennai skyline in T Nagar. Private rooftop deck, VRV air-conditioning, Italian marble flooring, and 3 reserved parking slots.",Tamil Nadu,Chennai,T Nagar,GN Chetty Road T Nagar,Panagal Park,600017,https://images.unsplash.com/photo-1600607688000-880000000005?auto=format&fit=crop&w=600&q=80&sig=1070
PROP-1071,"Modern 2 BHK Apartment in Wakad, Pune","Wakad, Pune",Pune,45.0,950,2,2,Apartment,"Parking, Elevator, Security, Power Backup, Gym, Balcony, Play Area",Semi-Furnished,0,"Beautiful, well-ventilated 2 BHK home situated in prime residential hub of Wakad, Pune. Modular kitchen, sunlit living area, high-speed elevator, and 24-hour security.",Maharashtra,Pune,Wakad,Datta Mandir Road Wakad,Bhumkar Chowk,411057,https://images.unsplash.com/photo-1600607688000-880000000006?auto=format&fit=crop&w=600&q=80&sig=1071
PROP-1072,"Luxury 4 BHK Triplex Villa in Baner, Pune","Baner, Pune",Pune,198.0,2920,4,4,Villa,"Parking, Private Garden, Swimming Pool, Security, Clubhouse, Gym, Solar Power",Furnished,1,"Exquisite 4 BHK independent triplex villa in premium gated township at Baner, Pune. Includes private landscaped garden, double-height living hall, servant quarters, and 2 car parkings.",Maharashtra,Pune,Baner,Baner High Street,Balewadi High Street,411045,https://images.unsplash.com/photo-1600607688000-880000000007?auto=format&fit=crop&w=600&q=80&sig=1072
PROP-1073,"Spacious 3 BHK Independent Duplex in Koregaon Park, Pune","Koregaon Park, Pune",Pune,134.0,2120,3,3,Independent House,"Parking, Private Courtyard, Security, Power Backup, Terrace Garden",Semi-Furnished,2,"Independent ground + 1 duplex residence in serene neighborhood of Koregaon Park, Pune. Features wide road frontage, Vastu-compliant layout, private paved garden, and 24/7 power backup.",Maharashtra,Pune,Koregaon Park,Lane 7 Koregaon Park,German Bakery,411001,https://images.unsplash.com/photo-1600607688000-880000000008?auto=format&fit=crop&w=600&q=80&sig=1073
PROP-1074,"Exclusive Residential Plot in Hadapsar, Pune","Hadapsar, Pune",Pune,41.5,2250,0,0,Land,"Clear Title, Blacktop Road, Fencing, Water Connection, Electricity",Unfurnished,0,"Prime East-facing 2250 sq.ft residential plot in gated layout at Hadapsar, Pune. Close to Seasons Mall. Clear titles, 40ft approach road, and high investment appreciation potential.",Maharashtra,Pune,Hadapsar,Magarpatta City Main Road,Seasons Mall,411028,https://images.unsplash.com/photo-1600607688000-880000000009?auto=format&fit=crop&w=600&q=80&sig=1074
PROP-1075,"Sky Villa 4 BHK Penthouse in Kothrud, Pune","Kothrud, Pune",Pune,298.0,3600,4,5,Penthouse,"Parking, Private Terrace, Swimming Pool, Gym, Elevator, Security, Concierge",Furnished,1,"Top-floor luxury sky villa penthouse commanding panoramic views of Pune skyline in Kothrud. Private rooftop deck, VRV air-conditioning, Italian marble flooring, and 3 reserved parking slots.",Maharashtra,Pune,Kothrud,Paud Road Kothrud,Karve Statue Circle,411038,https://images.unsplash.com/photo-1600607688000-880000000010?auto=format&fit=crop&w=600&q=80&sig=1075
PROP-1076,"Modern 3 BHK Apartment in Hinjewadi, Pune","Hinjewadi, Pune",Pune,87.5,1400,3,3,Apartment,"Parking, Elevator, Security, Power Backup, Gym, Balcony, Play Area",Unfurnished,1,"Beautiful, well-ventilated 3 BHK home situated in prime residential hub of Hinjewadi, Pune. Modular kitchen, sunlit living area, high-speed elevator, and 24-hour security.",Maharashtra,Pune,Hinjewadi,Hinjewadi Phase 1,Wipro Circle,411057,https://images.unsplash.com/photo-1600607688000-880000000011?auto=format&fit=crop&w=600&q=80&sig=1076
PROP-1077,"Luxury 4 BHK Triplex Villa in Pimple Saudagar, Pune","Pimple Saudagar, Pune",Pune,288.0,3520,4,4,Villa,"Parking, Private Garden, Swimming Pool, Security, Clubhouse, Gym, Solar Power",Semi-Furnished,2,"Exquisite 4 BHK independent triplex villa in premium gated township at Pimple Saudagar, Pune. Includes private landscaped garden, double-height living hall, servant quarters, and 2 car parkings.",Maharashtra,Pune,Pimple Saudagar,Linear Park Road,Govind Garden Junction,411027,https://images.unsplash.com/photo-1600607688000-880000000012?auto=format&fit=crop&w=600&q=80&sig=1077
PROP-1078,"Spacious 3 BHK Independent Duplex in Bavdhan, Pune","Bavdhan, Pune",Pune,194.0,2670,3,3,Independent House,"Parking, Private Courtyard, Security, Power Backup, Terrace Garden",Semi-Furnished,2,"Independent ground + 1 duplex residence in serene neighborhood of Bavdhan, Pune. Features wide road frontage, Vastu-compliant layout, private paved garden, and 24/7 power backup.",Maharashtra,Pune,Bavdhan,Bavdhan Main Road,Chandani Chowk,411021,https://images.unsplash.com/photo-1600607688000-880000000013?auto=format&fit=crop&w=600&q=80&sig=1078
PROP-1079,"Exclusive Residential Plot in Kharadi, Pune","Kharadi, Pune",Pune,64.0,3000,0,0,Land,"Clear Title, Blacktop Road, Fencing, Water Connection, Electricity",Unfurnished,0,"Prime East-facing 3000 sq.ft residential plot in gated layout at Kharadi, Pune. Close to World Trade Center. Clear titles, 40ft approach road, and high investment appreciation potential.",Maharashtra,Pune,Kharadi,EON Free Zone Road,World Trade Center,411014,https://images.unsplash.com/photo-1600607688000-880000000014?auto=format&fit=crop&w=600&q=80&sig=1079
PROP-1080,"Sky Villa 4 BHK Penthouse in Viman Nagar, Pune","Viman Nagar, Pune",Pune,408.0,4100,4,5,Penthouse,"Parking, Private Terrace, Swimming Pool, Gym, Elevator, Security, Concierge",Furnished,0,"Top-floor luxury sky villa penthouse commanding panoramic views of Pune skyline in Viman Nagar. Private rooftop deck, VRV air-conditioning, Italian marble flooring, and 3 reserved parking slots.",Maharashtra,Pune,Viman Nagar,Viman Nagar Main Road,Phoenix Marketcity Pune,411014,https://images.unsplash.com/photo-1600607688000-880000000015?auto=format&fit=crop&w=600&q=80&sig=1080
PROP-1081,"Modern 2 BHK Apartment in Golf Course Road, Delhi NCR","Golf Course Road, Delhi NCR",Delhi NCR,45.0,950,2,2,Apartment,"Parking, Elevator, Security, Power Backup, Gym, Balcony, Play Area",Semi-Furnished,0,"Beautiful, well-ventilated 2 BHK home situated in prime residential hub of Golf Course Road, Delhi NCR. Modular kitchen, sunlit living area, high-speed elevator, and 24-hour security.",Delhi NCR,Gurugram,Golf Course Road,Golf Course Road Sector 54,Rapid Metro Stn 54,122002,https://images.unsplash.com/photo-1600607688000-880000000016?auto=format&fit=crop&w=600&q=80&sig=1081
PROP-1082,"Luxury 4 BHK Triplex Villa in South Extension, Delhi NCR","South Extension, Delhi NCR",Delhi NCR,198.0,2920,4,4,Villa,"Parking, Private Garden, Swimming Pool, Security, Clubhouse, Gym, Solar Power",Furnished,1,"Exquisite 4 BHK independent triplex villa in premium gated township at South Extension, Delhi NCR. Includes private landscaped garden, double-height living hall, servant quarters, and 2 car parkings.",Delhi NCR,Gurugram,South Extension,South Extension Part 2,AIIMS Junction,110049,https://images.unsplash.com/photo-1600607688000-880000000017?auto=format&fit=crop&w=600&q=80&sig=1082
PROP-1083,"Spacious 3 BHK Independent Duplex in Noida Sector 62, Delhi NCR","Noida Sector 62, Delhi NCR",Delhi NCR,134.0,2120,3,3,Independent House,"Parking, Private Courtyard, Security, Power Backup, Terrace Garden",Semi-Furnished,2,"Independent ground + 1 duplex residence in serene neighborhood of Noida Sector 62, Delhi NCR. Features wide road frontage, Vastu-compliant layout, private paved garden, and 24/7 power backup.",Delhi NCR,Gurugram,Noida Sector 62,Sector 62 Main Road,Noida Sector 62 Metro,201309,https://images.unsplash.com/photo-1600607688000-880000000018?auto=format&fit=crop&w=600&q=80&sig=1083
PROP-1084,"Exclusive Residential Plot in Dwarka Expressway, Delhi NCR","Dwarka Expressway, Delhi NCR",Delhi NCR,41.5,2250,0,0,Land,"Clear Title, Blacktop Road, Fencing, Water Connection, Electricity",Unfurnished,0,"Prime East-facing 2250 sq.ft residential plot in gated layout at Dwarka Expressway, Delhi NCR. Close to Expressway Toll Plaza. Clear titles, 40ft approach road, and high investment appreciation potential.",Delhi NCR,Gurugram,Dwarka Expressway,Sector 109 Dwarka Expressway,Expressway Toll Plaza,122017,https://images.unsplash.com/photo-1600607688000-880000000019?auto=format&fit=crop&w=600&q=80&sig=1084
PROP-1085,"Sky Villa 4 BHK Penthouse in Vasant Vihar, Delhi NCR","Vasant Vihar, Delhi NCR",Delhi NCR,298.0,3600,4,5,Penthouse,"Parking, Private Terrace, Swimming Pool, Gym, Elevator, Security, Concierge",Furnished,1,"Top-floor luxury sky villa penthouse commanding panoramic views of Delhi NCR skyline in Vasant Vihar. Private rooftop deck, VRV air-conditioning, Italian marble flooring, and 3 reserved parking slots.",Delhi NCR,Gurugram,Vasant Vihar,Vasant Vihar Block C,Priya Cinema Complex,110057,https://images.unsplash.com/photo-1600607688000-880000000020?auto=format&fit=crop&w=600&q=80&sig=1085
PROP-1086,"Modern 3 BHK Apartment in Noida Sector 137, Delhi NCR","Noida Sector 137, Delhi NCR",Delhi NCR,87.5,1400,3,3,Apartment,"Parking, Elevator, Security, Power Backup, Gym, Balcony, Play Area",Unfurnished,1,"Beautiful, well-ventilated 3 BHK home situated in prime residential hub of Noida Sector 137, Delhi NCR. Modular kitchen, sunlit living area, high-speed elevator, and 24-hour security.",Delhi NCR,Gurugram,Noida Sector 137,Noida Expressway Sector 137,Sector 137 Metro Stn,201305,https://images.unsplash.com/photo-1600607688000-880000000021?auto=format&fit=crop&w=600&q=80&sig=1086
PROP-1087,"Luxury 4 BHK Triplex Villa in Greater Noida West, Delhi NCR","Greater Noida West, Delhi NCR",Delhi NCR,288.0,3520,4,4,Villa,"Parking, Private Garden, Swimming Pool, Security, Clubhouse, Gym, Solar Power",Semi-Furnished,2,"Exquisite 4 BHK independent triplex villa in premium gated township at Greater Noida West, Delhi NCR. Includes private landscaped garden, double-height living hall, servant quarters, and 2 car parkings.",Delhi NCR,Gurugram,Greater Noida West,Noida Extension Main Road,Gaur City Mall,201318,https://images.unsplash.com/photo-1600607688000-880000000022?auto=format&fit=crop&w=600&q=80&sig=1087
PROP-1088,"Spacious 3 BHK Independent Duplex in Sohna Road, Delhi NCR","Sohna Road, Delhi NCR",Delhi NCR,194.0,2670,3,3,Independent House,"Parking, Private Courtyard, Security, Power Backup, Terrace Garden",Semi-Furnished,2,"Independent ground + 1 duplex residence in serene neighborhood of Sohna Road, Delhi NCR. Features wide road frontage, Vastu-compliant layout, private paved garden, and 24/7 power backup.",Delhi NCR,Gurugram,Sohna Road,Sohna Road Sector 48,Subhash Chowk,122018,https://images.unsplash.com/photo-1600607688000-880000000023?auto=format&fit=crop&w=600&q=80&sig=1088
PROP-1089,"Exclusive Residential Plot in Indirapuram, Delhi NCR","Indirapuram, Delhi NCR",Delhi NCR,64.0,3000,0,0,Land,"Clear Title, Blacktop Road, Fencing, Water Connection, Electricity",Unfurnished,0,"Prime East-facing 3000 sq.ft residential plot in gated layout at Indirapuram, Delhi NCR. Close to Habitat Centre. Clear titles, 40ft approach road, and high investment appreciation potential.",Delhi NCR,Gurugram,Indirapuram,Ahinsa Khand 2 Indirapuram,Habitat Centre,201014,https://images.unsplash.com/photo-1600607688000-880000000024?auto=format&fit=crop&w=600&q=80&sig=1089
PROP-1090,"Sky Villa 4 BHK Penthouse in Gurgaon Sector 54, Delhi NCR","Gurgaon Sector 54, Delhi NCR",Delhi NCR,408.0,4100,4,5,Penthouse,"Parking, Private Terrace, Swimming Pool, Gym, Elevator, Security, Concierge",Furnished,0,"Top-floor luxury sky villa penthouse commanding panoramic views of Delhi NCR skyline in Gurgaon Sector 54. Private rooftop deck, VRV air-conditioning, Italian marble flooring, and 3 reserved parking slots.",Delhi NCR,Gurugram,Gurgaon Sector 54,Sector 54 Sun City Road,Suncity Shopping Complex,122011,https://images.unsplash.com/photo-1600607688000-880000000025?auto=format&fit=crop&w=600&q=80&sig=1090
PROP-1091,Spacious 3 BHK Apartment in Tirupati,"MR Palli, Tirupati",Tirupati,55.0,1450,3,3,Apartment,"Parking, Elevator, Security, Power Backup, Gym",Semi-Furnished,0,"Beautiful 3 BHK home in MR Palli, Tirupati near SV University. Excellent connectivity and modern modular kitchen.",Andhra Pradesh,Tirupati,MR Palli,MR Palli Circle,SV University Gate,517502,https://images.unsplash.com/photo-1560518883-ce09059eeffa?auto=format&fit=crop&w=600&q=80&sig=PROP-1091
PROP-1092,Spacious 3 BHK Apartment in Tirupati,"MR Palli, Tirupati",Tirupati,55.0,1450,3,3,Apartment,"Parking, Elevator, Security, Power Backup, Gym",Semi-Furnished,0,"Beautiful 3 BHK home in MR Palli, Tirupati near SV University. Excellent connectivity and modern modular kitchen.",Andhra Pradesh,Tirupati,MR Palli,MR Palli Circle,SV University Gate,517502,https://images.unsplash.com/photo-1560518883-ce09059eeffa?auto=format&fit=crop&w=600&q=80&sig=PROP-1092
PROP-1093,Spacious 3 BHK Apartment,"MR Palli, Tirupati",Tirupati,55.0,1450,3,3,Apartment,"Parking, Security, Power Backup, Gym",Semi-Furnished,0,Modern property with excellent connectivity and convenient access to nearby facilities.,Andhra Pradesh,Tirupati,MR Palli,MR Palli Circle,SV University Gate,517502,
PROP-1094,Spacious 3 BHK Apartment,"MR Palli, Tirupati",Tirupati,55.0,1450,3,3,Apartment,"Parking, Security, Power Backup, Gym",Semi-Furnished,0,Modern property with excellent connectivity and convenient access to nearby facilities.,Andhra Pradesh,Tirupati,MR Palli,MR Palli Circle,SV University Gate,517502,
